{"cameraMode":{"drawMode":0,"name":"Shaded","section":"Shading Mode"},"sceneLighting":true,"audioPlay":false,"sceneViewState":{"m_AlwaysRefresh":false,"showFog":true,"showSkybox":true,"showFlares":true,"showImageEffects":true,"showParticleSystems":true,"showVisualEffectGraphs":true,"m_FxEnabled":true},"in2DMode":false,"pivot":{"x":-0.12830018997192384,"y":-8.852705001831055,"z":45.400001525878909},"rotation":{"x":0.01768914982676506,"y":0.006595741491764784,"z":0.00011628196807578206,"w":-0.9998252987861633},"size":39.31623077392578,"orthographic":false}